SimpleConsoleGo;702;703;704;703;704;704;704;703;704;704
SimpleConsoleGo;702;703;704;703;704;704;704;703;704;704
SimpleConsoleGo;702;703;704;703;704;704;704;703;704;704
SimpleConsoleGo;702;703;704;703;704;704;704;703;704;704
SimpleConsoleGo;702;703;704;703;704;704;704;703;704;704
SimpleConsoleGo;702;703;704;703;704;704;704;703;704;704
SimpleConsoleGo;702;703;704;703;704;704;704;703;704;704
SimpleConsoleGo;702;703;704;703;704;704;704;703;704;704
SimpleConsoleGo;702;703;704;703;704;704;704;703;704;704
SimpleConsoleGo;702;703;704;703;704;704;704;703;704;704
SimpleConsoleGo;117;120;223;223;223;223;230;236;305;342
SimpleConsoleGo;117;120;223;223;223;223;230;236;305;342
SimpleConsoleGo;117;120;223;223;223;223;230;236;305;342
SimpleConsoleGo;117;120;223;223;223;223;230;236;305;342
SimpleConsoleGo;117;120;223;223;223;223;230;236;305;342
SimpleConsoleGo;117;120;223;223;223;223;230;236;305;342
SimpleConsoleGo;117;120;223;223;223;223;230;236;305;342
SimpleConsoleGo;117;120;223;223;223;223;230;236;305;342
SimpleConsoleGo;117;120;223;223;223;223;230;236;305;342
SimpleConsoleGo;117;120;223;223;223;223;230;236;305;342
SimpleConsoleGo;120;122;223;227;229;235;238;243;277;321
SimpleConsoleGo;120;122;223;227;229;235;238;243;277;321
SimpleConsoleGo;120;122;223;227;229;235;238;243;277;321
SimpleConsoleGo;120;122;223;227;229;235;238;243;277;321
SimpleConsoleGo;120;122;223;227;229;235;238;243;277;321
SimpleConsoleGo;120;122;223;227;229;235;238;243;277;321
SimpleConsoleGo;120;122;223;227;229;235;238;243;277;321
SimpleConsoleGo;120;122;223;227;229;235;238;243;277;321
SimpleConsoleGo;120;122;223;227;229;235;238;243;277;321
SimpleConsoleGo;120;122;223;227;229;235;238;243;277;321
SimpleConsoleGo;136;137;227;222;236;234;239;223;240;241
SimpleConsoleGo;136;137;227;222;236;234;239;223;240;241
SimpleConsoleGo;136;137;227;222;236;234;239;223;240;241
SimpleConsoleGo;136;137;227;222;236;234;239;223;240;241
SimpleConsoleGo;136;137;227;222;236;234;239;223;240;241
SimpleConsoleGo;136;137;227;222;236;234;239;223;240;241
SimpleConsoleGo;136;137;227;222;236;234;239;223;240;241
SimpleConsoleGo;136;137;227;222;236;234;239;223;240;241
SimpleConsoleGo;136;137;227;222;236;234;239;223;240;241
SimpleConsoleGo;136;137;227;222;236;234;239;223;240;241
SimpleConsoleGo;116;118;222;223;232;232;228;230;234;236
SimpleConsoleGo;116;118;222;223;232;232;228;230;234;236
SimpleConsoleGo;116;118;222;223;232;232;228;230;234;236
SimpleConsoleGo;116;118;222;223;232;232;228;230;234;236
SimpleConsoleGo;116;118;222;223;232;232;228;230;234;236
SimpleConsoleGo;116;118;222;223;232;232;228;230;234;236
SimpleConsoleGo;116;118;222;223;232;232;228;230;234;236
SimpleConsoleGo;116;118;222;223;232;232;228;230;234;236
SimpleConsoleGo;116;118;222;223;232;232;228;230;234;236
SimpleConsoleGo;116;118;222;223;232;232;228;230;234;236
SimpleConsoleGo;123;124;222;222;223;228;226;231;242;240
SimpleConsoleGo;123;124;222;222;223;228;226;231;242;240
SimpleConsoleGo;123;124;222;222;223;228;226;231;242;240
SimpleConsoleGo;123;124;222;222;223;228;226;231;242;240
SimpleConsoleGo;123;124;222;222;223;228;226;231;242;240
SimpleConsoleGo;123;124;222;222;223;228;226;231;242;240
SimpleConsoleGo;123;124;222;222;223;228;226;231;242;240
SimpleConsoleGo;123;124;222;222;223;228;226;231;242;240
SimpleConsoleGo;123;124;222;222;223;228;226;231;242;240
SimpleConsoleGo;123;124;222;222;223;228;226;231;242;240
SimpleConsoleGo;125;175;283;329;388;437;496;600;608;709
SimpleConsoleGo;125;175;283;329;388;437;496;600;608;709
SimpleConsoleGo;125;175;283;329;388;437;496;600;608;709
SimpleConsoleGo;125;175;283;329;388;437;496;600;608;709
SimpleConsoleGo;125;175;283;329;388;437;496;600;608;709
SimpleConsoleGo;125;175;283;329;388;437;496;600;608;709
SimpleConsoleGo;125;175;283;329;388;437;496;600;608;709
SimpleConsoleGo;125;175;283;329;388;437;496;600;608;709
SimpleConsoleGo;125;175;283;329;388;437;496;600;608;709
SimpleConsoleGo;125;175;283;329;388;437;496;600;608;709
SimpleConsoleGo;118;119;219;218;222;221;222;224;225;226
SimpleConsoleGo;118;119;219;218;222;221;222;224;225;226
SimpleConsoleGo;118;119;219;218;222;221;222;224;225;226
SimpleConsoleGo;118;119;219;218;222;221;222;224;225;226
SimpleConsoleGo;118;119;219;218;222;221;222;224;225;226
SimpleConsoleGo;118;119;219;218;222;221;222;224;225;226
SimpleConsoleGo;118;119;219;218;222;221;222;224;225;226
SimpleConsoleGo;118;119;219;218;222;221;222;224;225;226
SimpleConsoleGo;118;119;219;218;222;221;222;224;225;226
SimpleConsoleGo;118;119;219;218;222;221;222;224;225;226
SimpleConsoleGo;123;123;197;197;206;209;210;209;210;211
SimpleConsoleGo;123;123;197;197;206;209;210;209;210;211
SimpleConsoleGo;123;123;197;197;206;209;210;209;210;211
SimpleConsoleGo;123;123;197;197;206;209;210;209;210;211
SimpleConsoleGo;123;123;197;197;206;209;210;209;210;211
SimpleConsoleGo;123;123;197;197;206;209;210;209;210;211
SimpleConsoleGo;123;123;197;197;206;209;210;209;210;211
SimpleConsoleGo;123;123;197;197;206;209;210;209;210;211
SimpleConsoleGo;123;123;197;197;206;209;210;209;210;211
SimpleConsoleGo;123;123;197;197;206;209;210;209;210;211
SimpleConsoleGo;120;119;222;225;227;232;232;232;235;268
SimpleConsoleGo;120;119;222;225;227;232;232;232;235;268
SimpleConsoleGo;120;119;222;225;227;232;232;232;235;268
SimpleConsoleGo;120;119;222;225;227;232;232;232;235;268
SimpleConsoleGo;120;119;222;225;227;232;232;232;235;268
SimpleConsoleGo;120;119;222;225;227;232;232;232;235;268
SimpleConsoleGo;120;119;222;225;227;232;232;232;235;268
SimpleConsoleGo;120;119;222;225;227;232;232;232;235;268
SimpleConsoleGo;120;119;222;225;227;232;232;232;235;268
SimpleConsoleGo;120;119;222;225;227;232;232;232;235;268
SimpleConsoleGo;127;129;225;234;228;235;233;220;282;283
SimpleConsoleGo;127;129;225;234;228;235;233;220;282;283
SimpleConsoleGo;127;129;225;234;228;235;233;220;282;283
SimpleConsoleGo;127;129;225;234;228;235;233;220;282;283
SimpleConsoleGo;127;129;225;234;228;235;233;220;282;283
SimpleConsoleGo;127;129;225;234;228;235;233;220;282;283
SimpleConsoleGo;127;129;225;234;228;235;233;220;282;283
SimpleConsoleGo;127;129;225;234;228;235;233;220;282;283
SimpleConsoleGo;127;129;225;234;228;235;233;220;282;283
SimpleConsoleGo;127;129;225;234;228;235;233;220;282;283
SimpleConsoleGo;223;224;225;227;231;227;237;274;584;607
SimpleConsoleGo;223;224;225;227;231;227;237;274;584;607
SimpleConsoleGo;223;224;225;227;231;227;237;274;584;607
SimpleConsoleGo;223;224;225;227;231;227;237;274;584;607
SimpleConsoleGo;223;224;225;227;231;227;237;274;584;607
SimpleConsoleGo;223;224;225;227;231;227;237;274;584;607
SimpleConsoleGo;223;224;225;227;231;227;237;274;584;607
SimpleConsoleGo;223;224;225;227;231;227;237;274;584;607
SimpleConsoleGo;223;224;225;227;231;227;237;274;584;607
SimpleConsoleGo;223;224;225;227;231;227;237;274;584;607
SimpleConsoleGo;114;120;216;231;233;230;233;237;235;235
SimpleConsoleGo;114;120;216;231;233;230;233;237;235;235
SimpleConsoleGo;114;120;216;231;233;230;233;237;235;235
SimpleConsoleGo;114;120;216;231;233;230;233;237;235;235
SimpleConsoleGo;114;120;216;231;233;230;233;237;235;235
SimpleConsoleGo;114;120;216;231;233;230;233;237;235;235
SimpleConsoleGo;114;120;216;231;233;230;233;237;235;235
SimpleConsoleGo;114;120;216;231;233;230;233;237;235;235
SimpleConsoleGo;114;120;216;231;233;230;233;237;235;235
SimpleConsoleGo;114;120;216;231;233;230;233;237;235;235
SimpleConsoleGo;124;125;234;237;229;240;242;313;312;324
SimpleConsoleGo;124;125;234;237;229;240;242;313;312;324
SimpleConsoleGo;124;125;234;237;229;240;242;313;312;324
SimpleConsoleGo;124;125;234;237;229;240;242;313;312;324
SimpleConsoleGo;124;125;234;237;229;240;242;313;312;324
SimpleConsoleGo;124;125;234;237;229;240;242;313;312;324
SimpleConsoleGo;124;125;234;237;229;240;242;313;312;324
SimpleConsoleGo;124;125;234;237;229;240;242;313;312;324
SimpleConsoleGo;124;125;234;237;229;240;242;313;312;324
SimpleConsoleGo;124;125;234;237;229;240;242;313;312;324
SimpleConsoleGo;116;118;220;224;326;331;434;438;553;560
SimpleConsoleGo;116;118;220;224;326;331;434;438;553;560
SimpleConsoleGo;116;118;220;224;326;331;434;438;553;560
SimpleConsoleGo;116;118;220;224;326;331;434;438;553;560
SimpleConsoleGo;116;118;220;224;326;331;434;438;553;560
SimpleConsoleGo;116;118;220;224;326;331;434;438;553;560
SimpleConsoleGo;116;118;220;224;326;331;434;438;553;560
SimpleConsoleGo;116;118;220;224;326;331;434;438;553;560
SimpleConsoleGo;116;118;220;224;326;331;434;438;553;560
SimpleConsoleGo;116;118;220;224;326;331;434;438;553;560
SimpleConsoleGo;112;115;215;218;223;233;234;240;245;246
SimpleConsoleGo;112;115;215;218;223;233;234;240;245;246
SimpleConsoleGo;112;115;215;218;223;233;234;240;245;246
SimpleConsoleGo;112;115;215;218;223;233;234;240;245;246
SimpleConsoleGo;112;115;215;218;223;233;234;240;245;246
SimpleConsoleGo;112;115;215;218;223;233;234;240;245;246
SimpleConsoleGo;112;115;215;218;223;233;234;240;245;246
SimpleConsoleGo;112;115;215;218;223;233;234;240;245;246
SimpleConsoleGo;112;115;215;218;223;233;234;240;245;246
SimpleConsoleGo;112;115;215;218;223;233;234;240;245;246
SimpleConsoleGo;124;124;216;216;219;220;228;229;230;229
SimpleConsoleGo;124;124;216;216;219;220;228;229;230;229
SimpleConsoleGo;124;124;216;216;219;220;228;229;230;229
SimpleConsoleGo;124;124;216;216;219;220;228;229;230;229
SimpleConsoleGo;124;124;216;216;219;220;228;229;230;229
SimpleConsoleGo;124;124;216;216;219;220;228;229;230;229
SimpleConsoleGo;124;124;216;216;219;220;228;229;230;229
SimpleConsoleGo;124;124;216;216;219;220;228;229;230;229
SimpleConsoleGo;124;124;216;216;219;220;228;229;230;229
SimpleConsoleGo;124;124;216;216;219;220;228;229;230;229
SimpleConsoleGo;121;125;221;226;227;236;236;236;236;243
SimpleConsoleGo;121;125;221;226;227;236;236;236;236;243
SimpleConsoleGo;121;125;221;226;227;236;236;236;236;243
SimpleConsoleGo;121;125;221;226;227;236;236;236;236;243
SimpleConsoleGo;121;125;221;226;227;236;236;236;236;243
SimpleConsoleGo;121;125;221;226;227;236;236;236;236;243
SimpleConsoleGo;121;125;221;226;227;236;236;236;236;243
SimpleConsoleGo;121;125;221;226;227;236;236;236;236;243
SimpleConsoleGo;121;125;221;226;227;236;236;236;236;243
SimpleConsoleGo;121;125;221;226;227;236;236;236;236;243
SimpleConsoleGo;119;147;220;222;225;223;226;228;233;233
SimpleConsoleGo;119;147;220;222;225;223;226;228;233;233
SimpleConsoleGo;119;147;220;222;225;223;226;228;233;233
SimpleConsoleGo;119;147;220;222;225;223;226;228;233;233
SimpleConsoleGo;119;147;220;222;225;223;226;228;233;233
SimpleConsoleGo;119;147;220;222;225;223;226;228;233;233
SimpleConsoleGo;119;147;220;222;225;223;226;228;233;233
SimpleConsoleGo;119;147;220;222;225;223;226;228;233;233
SimpleConsoleGo;119;147;220;222;225;223;226;228;233;233
SimpleConsoleGo;119;147;220;222;225;223;226;228;233;233
SimpleConsoleGo;122;150;224;223;224;225;228;228;231;232
SimpleConsoleGo;122;150;224;223;224;225;228;228;231;232
SimpleConsoleGo;122;150;224;223;224;225;228;228;231;232
SimpleConsoleGo;122;150;224;223;224;225;228;228;231;232
SimpleConsoleGo;122;150;224;223;224;225;228;228;231;232
SimpleConsoleGo;122;150;224;223;224;225;228;228;231;232
SimpleConsoleGo;122;150;224;223;224;225;228;228;231;232
SimpleConsoleGo;122;150;224;223;224;225;228;228;231;232
SimpleConsoleGo;122;150;224;223;224;225;228;228;231;232
SimpleConsoleGo;122;150;224;223;224;225;228;228;231;232
